id;requester_user_id;entity_type;summary;diff_json;status;reviewer_note;created_at;reviewed_at
1;squirm huzzah;partially mmm though;aw frightfully who;../fake-data/blob/hipster.txt;cruelly making;../fake-data/blob/hipster.txt;2026-07-16T15:37:21;2026-07-16T11:29:32
2;roasted;boo;blight ack recovery;../fake-data/blob/hipster.txt;supposing more;../fake-data/blob/hipster.txt;2026-07-16T16:43:00;2026-07-16T14:00:45
3;underneath soulful;phew airmail;circumnavigate;../fake-data/blob/hipster.txt;too appliance;../fake-data/blob/hipster.txt;2026-07-15T23:13:32;2026-07-16T13:33:47
4;despite presume mmm;factorise carnival;ecstatic pulverize;../fake-data/blob/hipster.txt;provided round victorious;../fake-data/blob/hipster.txt;2026-07-16T15:26:15;2026-07-16T10:29:28
5;upright;meaty long-term admired;gah;../fake-data/blob/hipster.txt;pulse cultivated;../fake-data/blob/hipster.txt;2026-07-16T08:10:30;2026-07-16T10:54:46
6;concerning supposing;how when toothbrush;yearningly geez department;../fake-data/blob/hipster.txt;lightly frenetically converse;../fake-data/blob/hipster.txt;2026-07-16T16:32:01;2026-07-16T11:16:10
7;bog till;once;tall thorough;../fake-data/blob/hipster.txt;into row emphasize;../fake-data/blob/hipster.txt;2026-07-15T21:02:43;2026-07-16T11:18:31
8;apud adaptation;summarise fen proliferate;worriedly curse;../fake-data/blob/hipster.txt;pointless tenant once;../fake-data/blob/hipster.txt;2026-07-16T09:56:52;2026-07-15T20:54:19
9;oof stunt;whose even finally;merrily savour randomize;../fake-data/blob/hipster.txt;when so;../fake-data/blob/hipster.txt;2026-07-16T01:19:54;2026-07-16T05:06:56
10;ajar knowledgeably;hm monthly;out;../fake-data/blob/hipster.txt;to up castanet;../fake-data/blob/hipster.txt;2026-07-16T05:41:35;2026-07-16T06:40:30
11;best quirkily;offset;hunger among step;../fake-data/blob/hipster.txt;because;../fake-data/blob/hipster.txt;2026-07-16T06:27:02;2026-07-15T18:24:52
12;masquerade;whereas inasmuch cook;gray testify though;../fake-data/blob/hipster.txt;deduce if fooey;../fake-data/blob/hipster.txt;2026-07-16T09:41:32;2026-07-16T16:25:29
13;yet ew tensely;emotional per;easy palate grass;../fake-data/blob/hipster.txt;near;../fake-data/blob/hipster.txt;2026-07-16T15:41:12;2026-07-16T10:14:39
14;or expansion;happily thoughtfully cheerfully;pfft although seldom;../fake-data/blob/hipster.txt;under;../fake-data/blob/hipster.txt;2026-07-16T11:43:17;2026-07-15T20:41:05
15;extra-large consequently;husky heavy glittering;apropos atop whenever;../fake-data/blob/hipster.txt;if than but;../fake-data/blob/hipster.txt;2026-07-16T12:52:39;2026-07-16T12:10:17
16;up phooey consign;deficient inquisitively sup;corny where if;../fake-data/blob/hipster.txt;inasmuch toady who;../fake-data/blob/hipster.txt;2026-07-16T08:25:30;2026-07-16T02:04:52
17;except boo;divine;drat;../fake-data/blob/hipster.txt;eek above appertain;../fake-data/blob/hipster.txt;2026-07-16T09:14:45;2026-07-16T01:06:52
18;divert;beyond against;carboxyl bakeware;../fake-data/blob/hipster.txt;gee ah before;../fake-data/blob/hipster.txt;2026-07-16T09:12:31;2026-07-15T18:34:38
19;behind hydrant;lustrous community musty;outside since squeaky;../fake-data/blob/hipster.txt;late;../fake-data/blob/hipster.txt;2026-07-15T19:27:51;2026-07-16T00:51:57
20;maul vivid;oh;than sophisticated;../fake-data/blob/hipster.txt;once;../fake-data/blob/hipster.txt;2026-07-15T19:55:00;2026-07-16T15:25:02
21;uh-huh pop fabricate;goodwill;properly;../fake-data/blob/hipster.txt;twin until;../fake-data/blob/hipster.txt;2026-07-15T19:00:10;2026-07-16T01:30:52
22;beside;embed transom friendly;quaintly qua;../fake-data/blob/hipster.txt;swill vice;../fake-data/blob/hipster.txt;2026-07-16T05:06:30;2026-07-16T13:57:16
23;wherever;ouch;duh seemingly subsidy;../fake-data/blob/hipster.txt;delicious;../fake-data/blob/hipster.txt;2026-07-16T07:28:20;2026-07-15T21:40:44
24;solder hmph scenario;gah within;incidentally truly morning;../fake-data/blob/hipster.txt;deny priesthood;../fake-data/blob/hipster.txt;2026-07-16T10:42:05;2026-07-16T16:33:51
25;newsletter why follower;draft woot luck;acidly;../fake-data/blob/hipster.txt;heavily;../fake-data/blob/hipster.txt;2026-07-16T14:06:18;2026-07-15T20:52:51
26;furthermore unto;down amused;stained;../fake-data/blob/hipster.txt;because;../fake-data/blob/hipster.txt;2026-07-16T14:29:30;2026-07-16T01:23:20
27;phooey between;outside whenever;heavenly entrench;../fake-data/blob/hipster.txt;indeed scarily fooey;../fake-data/blob/hipster.txt;2026-07-16T10:57:46;2026-07-15T20:40:02
28;deer masterpiece flawed;zowie;voluntarily;../fake-data/blob/hipster.txt;till;../fake-data/blob/hipster.txt;2026-07-15T22:56:09;2026-07-15T18:56:31
29;aside intent happy-go-lucky;upon;and;../fake-data/blob/hipster.txt;because whose odd;../fake-data/blob/hipster.txt;2026-07-16T16:51:25;2026-07-16T03:00:32
30;certainly about afford;without till;once councilman excluding;../fake-data/blob/hipster.txt;yahoo;../fake-data/blob/hipster.txt;2026-07-16T12:42:43;2026-07-16T11:47:01
