id;kind;title;body_html;version
1;ponder;accelerator;../fake-data/blob/hipster.txt;30015
2;whoa shout;irritably fooey oblong;../fake-data/blob/hipster.txt;16558
3;opera eyebrow;excluding forenenst farm;../fake-data/blob/hipster.txt;28474
4;madly whoa;following;../fake-data/blob/hipster.txt;1712
5;mid daintily yum;meanwhile;../fake-data/blob/hipster.txt;19178
6;unlawful;bouncy annex;../fake-data/blob/hipster.txt;27389
7;although busy circa;whose anenst;../fake-data/blob/hipster.txt;15480
8;pro athwart;till taut;../fake-data/blob/hipster.txt;27348
9;retool;limply lazily convalesce;../fake-data/blob/hipster.txt;20257
10;yum;likely vacantly;../fake-data/blob/hipster.txt;100
11;yippee yippee even;so;../fake-data/blob/hipster.txt;31609
12;wide-eyed;excepting queasily;../fake-data/blob/hipster.txt;32477
13;kookily without;resource;../fake-data/blob/hipster.txt;20258
14;rawhide;nucleotidase;../fake-data/blob/hipster.txt;16081
15;notwithstanding;plus because carpool;../fake-data/blob/hipster.txt;7490
16;armchair;ideal;../fake-data/blob/hipster.txt;4246
17;aggravating horse why;gallivant farmer posh;../fake-data/blob/hipster.txt;31233
18;certify;communicate;../fake-data/blob/hipster.txt;32760
19;instead descent;what reassemble silent;../fake-data/blob/hipster.txt;29463
20;mid unusual coop;hospitalization pocket-watch upright;../fake-data/blob/hipster.txt;12708
21;nor gullible;greatly essence boohoo;../fake-data/blob/hipster.txt;20141
22;assist divine zowie;than toaster;../fake-data/blob/hipster.txt;25083
23;usefully;chilly below;../fake-data/blob/hipster.txt;7408
24;assail zowie;unlike spherical;../fake-data/blob/hipster.txt;23559
25;ad micromanage;drat safe tectonics;../fake-data/blob/hipster.txt;9710
26;armchair maestro ack;before abnormally;../fake-data/blob/hipster.txt;17837
27;bloom dapper knife;whoa huzzah unimpressively;../fake-data/blob/hipster.txt;21743
28;practical deafening mantua;westernise;../fake-data/blob/hipster.txt;5680
29;questionably raw;inasmuch unto;../fake-data/blob/hipster.txt;31391
30;aside mmm;low;../fake-data/blob/hipster.txt;22317
