id;title;start_solar;lunar_json;location;checklist_json
1;like;2026-07-15T21:13:14;../fake-data/blob/hipster.txt;lustrous prudent fooey;../fake-data/blob/hipster.txt
2;bah;2026-07-16T04:10:57;../fake-data/blob/hipster.txt;even thrifty midst;../fake-data/blob/hipster.txt
3;jealously ah woot;2026-07-16T11:55:50;../fake-data/blob/hipster.txt;pitiful;../fake-data/blob/hipster.txt
4;for;2026-07-15T20:19:39;../fake-data/blob/hipster.txt;knottily;../fake-data/blob/hipster.txt
5;hm;2026-07-15T22:51:44;../fake-data/blob/hipster.txt;unrealistic mobilise however;../fake-data/blob/hipster.txt
6;huzzah vestment per;2026-07-15T23:38:10;../fake-data/blob/hipster.txt;publication;../fake-data/blob/hipster.txt
7;yellowish who certainly;2026-07-16T04:38:20;../fake-data/blob/hipster.txt;masterpiece little hovel;../fake-data/blob/hipster.txt
8;peter but;2026-07-16T10:48:05;../fake-data/blob/hipster.txt;within wear;../fake-data/blob/hipster.txt
9;physically wriggler;2026-07-15T21:33:53;../fake-data/blob/hipster.txt;providence teeming fatally;../fake-data/blob/hipster.txt
10;despite troubled;2026-07-15T22:49:02;../fake-data/blob/hipster.txt;swanling warmly;../fake-data/blob/hipster.txt
11;shoulder;2026-07-15T18:29:05;../fake-data/blob/hipster.txt;grim generously;../fake-data/blob/hipster.txt
12;gee yowza;2026-07-16T00:32:20;../fake-data/blob/hipster.txt;vastly concerning;../fake-data/blob/hipster.txt
13;past enthusiastically;2026-07-16T14:03:10;../fake-data/blob/hipster.txt;phew;../fake-data/blob/hipster.txt
14;programme unlike;2026-07-16T08:06:29;../fake-data/blob/hipster.txt;hairy briskly really;../fake-data/blob/hipster.txt
15;contravene finally;2026-07-16T10:12:50;../fake-data/blob/hipster.txt;ick;../fake-data/blob/hipster.txt
16;passionate blah sting;2026-07-16T01:32:13;../fake-data/blob/hipster.txt;attest;../fake-data/blob/hipster.txt
17;quarrelsomely if;2026-07-15T23:58:42;../fake-data/blob/hipster.txt;fencing;../fake-data/blob/hipster.txt
18;flashy beautifully;2026-07-16T03:51:58;../fake-data/blob/hipster.txt;er shoddy down;../fake-data/blob/hipster.txt
19;about while;2026-07-15T18:02:21;../fake-data/blob/hipster.txt;limited wheel;../fake-data/blob/hipster.txt
20;upright haversack;2026-07-16T14:30:22;../fake-data/blob/hipster.txt;over beside;../fake-data/blob/hipster.txt
21;along;2026-07-16T04:47:43;../fake-data/blob/hipster.txt;astonishing besides;../fake-data/blob/hipster.txt
22;crossly gah;2026-07-16T05:36:01;../fake-data/blob/hipster.txt;yowza limply;../fake-data/blob/hipster.txt
23;cutover;2026-07-16T15:48:02;../fake-data/blob/hipster.txt;duh absent;../fake-data/blob/hipster.txt
24;wilderness sup before;2026-07-16T05:09:13;../fake-data/blob/hipster.txt;eventually language;../fake-data/blob/hipster.txt
25;smoothly;2026-07-16T15:08:38;../fake-data/blob/hipster.txt;gracefully;../fake-data/blob/hipster.txt
26;trusting dense gaseous;2026-07-15T21:31:14;../fake-data/blob/hipster.txt;louse;../fake-data/blob/hipster.txt
27;suddenly;2026-07-16T15:47:26;../fake-data/blob/hipster.txt;staid;../fake-data/blob/hipster.txt
28;opposite;2026-07-15T22:03:49;../fake-data/blob/hipster.txt;hygienic silk;../fake-data/blob/hipster.txt
29;separate likewise neatly;2026-07-15T22:42:03;../fake-data/blob/hipster.txt;without notwithstanding;../fake-data/blob/hipster.txt
30;joshingly and vice;2026-07-16T11:19:32;../fake-data/blob/hipster.txt;after gallivant optimistically;../fake-data/blob/hipster.txt
