id;author_name;body;status;created_at
1;amidst while;../fake-data/blob/hipster.txt;for substitution;2026-07-16T00:36:02
2;yowza by cleverly;../fake-data/blob/hipster.txt;suitcase;2026-07-15T18:52:34
3;if excitedly geez;../fake-data/blob/hipster.txt;than utter chatter;2026-07-16T04:20:16
4;order;../fake-data/blob/hipster.txt;thoroughly pale;2026-07-15T14:15:00
5;though;../fake-data/blob/hipster.txt;marksman excluding mobilize;2026-07-15T13:56:36
6;intently and mmm;../fake-data/blob/hipster.txt;joyously until seldom;2026-07-15T12:38:26
7;needily synthesise;../fake-data/blob/hipster.txt;versus however;2026-07-16T06:02:55
8;please than duh;../fake-data/blob/hipster.txt;whereas even;2026-07-16T10:02:58
9;underneath proceed;../fake-data/blob/hipster.txt;why maestro;2026-07-15T22:45:01
10;mom different;../fake-data/blob/hipster.txt;spirit;2026-07-15T20:03:23
11;unless monstrous long;../fake-data/blob/hipster.txt;unlike denitrify;2026-07-15T23:15:08
12;messy zowie gosh;../fake-data/blob/hipster.txt;except per micromanage;2026-07-15T21:49:12
13;bah;../fake-data/blob/hipster.txt;via furthermore trusting;2026-07-15T21:49:46
14;badly besides likewise;../fake-data/blob/hipster.txt;drat throughout er;2026-07-15T15:01:29
15;aha;../fake-data/blob/hipster.txt;pro through separately;2026-07-15T21:23:26
16;arcade onto;../fake-data/blob/hipster.txt;hmph;2026-07-15T19:17:06
17;absent;../fake-data/blob/hipster.txt;drat convection yahoo;2026-07-15T13:38:44
18;boulevard sociable;../fake-data/blob/hipster.txt;crossly;2026-07-16T03:58:02
19;cuckoo painfully off;../fake-data/blob/hipster.txt;keenly till;2026-07-16T01:46:51
20;dense incidentally;../fake-data/blob/hipster.txt;stool anti overwork;2026-07-16T07:30:32
21;joyfully newsprint;../fake-data/blob/hipster.txt;kiddingly apud gee;2026-07-15T22:52:16
22;vibraphone;../fake-data/blob/hipster.txt;ha nightlife;2026-07-15T18:09:15
23;sport;../fake-data/blob/hipster.txt;abseil fork amid;2026-07-16T05:04:37
24;until toe;../fake-data/blob/hipster.txt;in;2026-07-16T02:59:11
25;likewise;../fake-data/blob/hipster.txt;freely because mmm;2026-07-16T07:18:57
26;bolster corner;../fake-data/blob/hipster.txt;nifty mmm amid;2026-07-16T08:18:06
27;orientate;../fake-data/blob/hipster.txt;excitable regarding;2026-07-15T12:25:45
28;even besides;../fake-data/blob/hipster.txt;unless meanwhile direct;2026-07-15T13:04:21
29;colon mmm oh;../fake-data/blob/hipster.txt;bleach psst incidentally;2026-07-15T11:04:16
30;husky drowse inside;../fake-data/blob/hipster.txt;super;2026-07-15T20:53:04
