id;title;goal_amount;raised_amount;vietqr_payload;status
1;without;20365.89;22145.41;../fake-data/blob/hipster.txt;blah only although
2;and;14087.06;4862.54;../fake-data/blob/hipster.txt;yum larva eek
3;ha;18415.36;734.83;../fake-data/blob/hipster.txt;despite
4;pocket-watch woefully tabletop;19118.03;2880.57;../fake-data/blob/hipster.txt;beyond blah but
5;mysteriously;24143.88;27967.57;../fake-data/blob/hipster.txt;mechanically
6;or redesign now;11256.93;6565.77;../fake-data/blob/hipster.txt;marksman flimsy refute
7;deduce;5944.05;22980.75;../fake-data/blob/hipster.txt;gosh bonfire crazy
8;aw;25196.63;15204.54;../fake-data/blob/hipster.txt;barring without overwork
9;hard-to-find sharply;6493.05;4243.54;../fake-data/blob/hipster.txt;veto
10;however incidentally rapid;19999.84;19227.77;../fake-data/blob/hipster.txt;emotional evenly till
11;specific;15585.62;12294.24;../fake-data/blob/hipster.txt;draft hole
12;slowly round yum;12372.53;14779.24;../fake-data/blob/hipster.txt;ignorant anaesthetise huzzah
13;rarely oh coaxingly;14237.86;16360.71;../fake-data/blob/hipster.txt;drat
14;pleased;6699.95;25557.98;../fake-data/blob/hipster.txt;wear bonnet
15;psst;5321.35;28683.49;../fake-data/blob/hipster.txt;to red
16;dependency overburden masterpiece;18123.6;30421.39;../fake-data/blob/hipster.txt;parody libel
17;easily;31572.04;5980.7;../fake-data/blob/hipster.txt;solder
18;warped huddle although;4855.39;2474.61;../fake-data/blob/hipster.txt;belabor clear-cut
19;throughout cruelly;31839.23;9841.14;../fake-data/blob/hipster.txt;with mid
20;ew fooey;10757.3;9452.33;../fake-data/blob/hipster.txt;knotty engender
21;while;17935.02;25158.22;../fake-data/blob/hipster.txt;vulgarise
22;screw than;29875.15;10908.16;../fake-data/blob/hipster.txt;lustrous yum microblog
23;terribly likewise querulous;11750.57;20728.81;../fake-data/blob/hipster.txt;yuck
24;bright;29037.16;2702.06;../fake-data/blob/hipster.txt;failing
25;since guidance;21173.27;29237.21;../fake-data/blob/hipster.txt;which tinderbox cow
26;mid;31763.14;6405.19;../fake-data/blob/hipster.txt;highly meaningfully sleepily
27;embody;11443.25;22764.54;../fake-data/blob/hipster.txt;frankly
28;equal;19075.74;2805.6;../fake-data/blob/hipster.txt;paintwork urban ack
29;entwine though finally;30779.18;30670.99;../fake-data/blob/hipster.txt;intensely
30;boo glass;29701.43;20673.9;../fake-data/blob/hipster.txt;meaningfully instead inventory
