id;donor_name;amount;kind;note;created_at
1;doing;11998.89;who meh altruistic;../fake-data/blob/hipster.txt;2026-07-16T14:25:08
2;brightly though;12389.29;except;../fake-data/blob/hipster.txt;2026-07-16T02:42:30
3;airman punctuation unused;26397.77;whenever though;../fake-data/blob/hipster.txt;2026-07-16T16:29:07
4;inferior cheap;27252.89;outside;../fake-data/blob/hipster.txt;2026-07-16T15:27:53
5;tinderbox beyond;10916.95;conceptualize ack;../fake-data/blob/hipster.txt;2026-07-16T07:31:41
6;than;22280.49;siege blaspheme;../fake-data/blob/hipster.txt;2026-07-16T15:10:13
7;against hepatitis below;18713.87;trench formal enthusiastically;../fake-data/blob/hipster.txt;2026-07-16T04:00:15
8;statement because strategy;22085.04;huzzah who;../fake-data/blob/hipster.txt;2026-07-16T09:30:42
9;confound;28790.09;fooey;../fake-data/blob/hipster.txt;2026-07-16T16:10:22
10;awesome vacantly colossal;2941.22;huzzah tragic powerfully;../fake-data/blob/hipster.txt;2026-07-16T05:20:10
11;decouple;20388.53;neatly grown;../fake-data/blob/hipster.txt;2026-07-16T07:53:46
12;following tank wherever;13962.69;tarragon;../fake-data/blob/hipster.txt;2026-07-16T03:33:31
13;bleakly;27809.85;appliance furthermore empty;../fake-data/blob/hipster.txt;2026-07-16T15:03:21
14;ah for misread;4865.6;who;../fake-data/blob/hipster.txt;2026-07-16T17:15:57
15;misguided wholly ew;32569.29;injunction punctually brightly;../fake-data/blob/hipster.txt;2026-07-16T17:16:41
16;cumbersome wisely;6954.44;times outside;../fake-data/blob/hipster.txt;2026-07-15T21:52:27
17;bouncy once;16616.33;like jealously;../fake-data/blob/hipster.txt;2026-07-16T06:37:55
18;showboat snoop complication;20656.54;indeed arrogantly dim;../fake-data/blob/hipster.txt;2026-07-15T22:55:22
19;ack beyond;5983.05;meh oil ill;../fake-data/blob/hipster.txt;2026-07-16T01:40:47
20;compromise;634.15;fluff;../fake-data/blob/hipster.txt;2026-07-16T11:52:26
21;sadly although;17799.06;plugin;../fake-data/blob/hipster.txt;2026-07-15T23:15:36
22;whose abnormally;18913.68;off whoa stranger;../fake-data/blob/hipster.txt;2026-07-16T05:54:33
23;waver spirited;5797.9;while amidst;../fake-data/blob/hipster.txt;2026-07-16T07:50:17
24;pure;28135.73;through hamburger;../fake-data/blob/hipster.txt;2026-07-16T01:54:42
25;frightfully frizzy stack;27814.95;redact as huge;../fake-data/blob/hipster.txt;2026-07-15T18:53:58
26;cap who minus;20603.89;authentic;../fake-data/blob/hipster.txt;2026-07-16T03:01:51
27;undergo sparkling;6554.27;catch who bah;../fake-data/blob/hipster.txt;2026-07-16T03:52:57
28;with;15598.66;commonly through;../fake-data/blob/hipster.txt;2026-07-16T01:10:33
29;to;11979.53;enthusiastically interestingly cheerfully;../fake-data/blob/hipster.txt;2026-07-16T01:07:09
30;moral commercial;31627.74;following inasmuch aw;../fake-data/blob/hipster.txt;2026-07-16T07:32:39
