id;slug;surname;branch_name;province_code;meta_json;stats_cache_json
1;decode;behind milestone finally;now pants;lobster;../fake-data/blob/hipster.txt;../fake-data/blob/hipster.txt
2;mmm boggle wretched;mostly cemetery aha;chubby lest;wretched safeguard;../fake-data/blob/hipster.txt;../fake-data/blob/hipster.txt
3;antagonize lashes;afore;ouch typeface down;up modulo psst;../fake-data/blob/hipster.txt;../fake-data/blob/hipster.txt
4;toward barring jeopardise;confused;hourly;like;../fake-data/blob/hipster.txt;../fake-data/blob/hipster.txt
5;provided ill lovingly;impossible deeply;membership pants;worriedly;../fake-data/blob/hipster.txt;../fake-data/blob/hipster.txt
6;in off;consequently unscramble;untrue;hmph uproot;../fake-data/blob/hipster.txt;../fake-data/blob/hipster.txt
7;where;blindly;pish bend;innocently besides;../fake-data/blob/hipster.txt;../fake-data/blob/hipster.txt
8;what expatiate ew;minus;properly when;pish pfft;../fake-data/blob/hipster.txt;../fake-data/blob/hipster.txt
9;following ostrich vol;minister major;by;sonata;../fake-data/blob/hipster.txt;../fake-data/blob/hipster.txt
10;as;shell;reasonable fooey anenst;following cruelly;../fake-data/blob/hipster.txt;../fake-data/blob/hipster.txt
11;spattering;but;obesity innovate querulous;furthermore;../fake-data/blob/hipster.txt;../fake-data/blob/hipster.txt
12;desecrate foolishly;enhance;veto gadzooks;entice mortally blah;../fake-data/blob/hipster.txt;../fake-data/blob/hipster.txt
13;ack grouper;beneath whose;inquisitively;that;../fake-data/blob/hipster.txt;../fake-data/blob/hipster.txt
14;unless scoop;oof sit;limp lovingly;tenement good-natured;../fake-data/blob/hipster.txt;../fake-data/blob/hipster.txt
15;growing;rot till definitive;dandelion;jaggedly aside;../fake-data/blob/hipster.txt;../fake-data/blob/hipster.txt
16;ew accountability;lanky;usefully than phooey;overproduce the;../fake-data/blob/hipster.txt;../fake-data/blob/hipster.txt
17;early if self-reliant;than where;worth provided;readies crooked for;../fake-data/blob/hipster.txt;../fake-data/blob/hipster.txt
18;oh;successfully after finer;where;along mallard;../fake-data/blob/hipster.txt;../fake-data/blob/hipster.txt
19;boo knavishly;over;however well;once;../fake-data/blob/hipster.txt;../fake-data/blob/hipster.txt
20;slowly book;onto;failing why;which quicker uh-huh;../fake-data/blob/hipster.txt;../fake-data/blob/hipster.txt
21;pro supposing;intelligent;coordination joyously;similar why down;../fake-data/blob/hipster.txt;../fake-data/blob/hipster.txt
22;grave over;fooey;gust happily;ingratiate;../fake-data/blob/hipster.txt;../fake-data/blob/hipster.txt
23;oddly colossal substantial;terribly sick quintessential;known finally finally;pfft past proceed;../fake-data/blob/hipster.txt;../fake-data/blob/hipster.txt
24;wilted hmph graft;reschedule;aha;rudely likely smarten;../fake-data/blob/hipster.txt;../fake-data/blob/hipster.txt
25;spirited;er;energetic instruction than;after however mortally;../fake-data/blob/hipster.txt;../fake-data/blob/hipster.txt
26;behind finally pleasing;zowie;ick amnesty depend;until jut obediently;../fake-data/blob/hipster.txt;../fake-data/blob/hipster.txt
27;porter separately;upon whether judgementally;to if;fly misspend;../fake-data/blob/hipster.txt;../fake-data/blob/hipster.txt
28;worthy doting;whether;which underneath with;warming below and;../fake-data/blob/hipster.txt;../fake-data/blob/hipster.txt
29;spark creak righteously;woot gosh in;furthermore task viciously;huddle lest;../fake-data/blob/hipster.txt;../fake-data/blob/hipster.txt
30;until limply hastily;spark satisfy;reiterate;highlight torn;../fake-data/blob/hipster.txt;../fake-data/blob/hipster.txt
