id;order_no;marriage_info_json
1;28854;../fake-data/blob/hipster.txt
2;12544;../fake-data/blob/hipster.txt
3;20967;../fake-data/blob/hipster.txt
4;15365;../fake-data/blob/hipster.txt
5;12666;../fake-data/blob/hipster.txt
6;5075;../fake-data/blob/hipster.txt
7;29649;../fake-data/blob/hipster.txt
8;30809;../fake-data/blob/hipster.txt
9;3544;../fake-data/blob/hipster.txt
10;31392;../fake-data/blob/hipster.txt
11;7201;../fake-data/blob/hipster.txt
12;15173;../fake-data/blob/hipster.txt
13;15728;../fake-data/blob/hipster.txt
14;30194;../fake-data/blob/hipster.txt
15;19438;../fake-data/blob/hipster.txt
16;30278;../fake-data/blob/hipster.txt
17;27291;../fake-data/blob/hipster.txt
18;407;../fake-data/blob/hipster.txt
19;21500;../fake-data/blob/hipster.txt
20;23797;../fake-data/blob/hipster.txt
21;3628;../fake-data/blob/hipster.txt
22;27912;../fake-data/blob/hipster.txt
23;29548;../fake-data/blob/hipster.txt
24;10249;../fake-data/blob/hipster.txt
25;25058;../fake-data/blob/hipster.txt
26;11117;../fake-data/blob/hipster.txt
27;15525;../fake-data/blob/hipster.txt
28;17165;../fake-data/blob/hipster.txt
29;30286;../fake-data/blob/hipster.txt
30;21386;../fake-data/blob/hipster.txt
