id;object_key;caption;blurhash;view_count
1;almost;of baritone abaft;consequently wisely;29870
2;briskly or redact;excitedly bah pack;expense gosh rebel;26752
3;far-flung furthermore;um;infatuated;3230
4;subexpression scruple geez;snoopy;yearly than feline;22124
5;event pillbox;of phew;handsome;18437
6;complication versus;championship so;exterior;22114
7;hence;scarification aside;character chilly during;24071
8;confirm;exonerate how;lift finally;27593
9;slow shanghai quarterly;except;gleefully;22714
10;gladly goat;oof;so pitiful finally;27909
11;collectivization around meh;gnash;nor under;26823
12;override indeed unaware;boo only talkative;yet;16604
13;goodwill so;handful refer second-hand;coop mosh;28436
14;decision oh status;powerfully worth e-mail;throughout transparency procrastinate;8924
15;uh-huh short-term;once;worse;586
16;triumphantly;but amongst;phew reluctantly whoever;20488
17;what out aha;zen yowza;circa hungrily;13970
18;yahoo case;defensive pine;oh infatuated;32148
19;loosely readily;regal scout;furthermore;25117
20;uh-huh boohoo drowse;past politely;courageously;32396
21;majestically heartache portray;whoever;gah yum usable;3479
22;absolve;settle armoire hawk;incidentally unkempt;25722
23;where;useless unbearably yippee;unless ad because;28599
24;skean typewriter yowza;gorgeous uh-huh eggplant;blindly;18529
25;whether for;supposing amid filthy;sternly beside divine;19984
26;lest pulse;past;why;12910
27;but modulo unless;fidget;er stir-fry blah;18742
28;after;charming descent;even till;7317
29;after upright alongside;fail hygienic boohoo;before compromise neglected;19133
30;deprave simple descent;only;midst;10059
