id;channel;payload_json;status;created_at;sent_at
1;yippee perfumed;../fake-data/blob/hipster.txt;careless disgorge;2026-07-16T03:41:56;2026-07-16T03:24:54
2;whoa;../fake-data/blob/hipster.txt;furthermore woefully gadzooks;2026-07-16T13:14:08;2026-07-15T17:21:58
3;spice notwithstanding mortally;../fake-data/blob/hipster.txt;tusk accept;2026-07-16T05:57:51;2026-07-16T14:32:47
4;ugh drat;../fake-data/blob/hipster.txt;exaggerate;2026-07-16T00:52:44;2026-07-16T01:59:20
5;hammock kit while;../fake-data/blob/hipster.txt;though;2026-07-16T17:07:29;2026-07-15T17:46:21
6;yuck;../fake-data/blob/hipster.txt;absentmindedly;2026-07-16T02:10:24;2026-07-16T08:14:16
7;behind brr meh;../fake-data/blob/hipster.txt;after mechanic;2026-07-16T07:20:45;2026-07-16T00:33:53
8;blah knowledgeably birdcage;../fake-data/blob/hipster.txt;whose;2026-07-16T02:34:10;2026-07-16T01:17:42
9;perspire;../fake-data/blob/hipster.txt;oh psst;2026-07-15T23:50:09;2026-07-15T17:35:28
10;mealy attribute;../fake-data/blob/hipster.txt;perspire proceed times;2026-07-15T21:06:09;2026-07-16T08:49:14
11;briefly than;../fake-data/blob/hipster.txt;phew;2026-07-16T10:25:37;2026-07-15T19:39:45
12;different lasting whereas;../fake-data/blob/hipster.txt;sarcastic lieu against;2026-07-16T08:59:17;2026-07-16T04:26:12
13;when pomelo;../fake-data/blob/hipster.txt;left;2026-07-15T20:19:58;2026-07-16T06:58:48
14;nerve nippy;../fake-data/blob/hipster.txt;merrily boohoo;2026-07-16T05:45:51;2026-07-16T01:43:20
15;sophisticated sleepy boohoo;../fake-data/blob/hipster.txt;avalanche;2026-07-16T10:08:20;2026-07-16T02:09:50
16;lowball;../fake-data/blob/hipster.txt;tough;2026-07-15T23:19:21;2026-07-16T14:00:56
17;understated ick frankly;../fake-data/blob/hipster.txt;follower blah buzzing;2026-07-15T23:55:11;2026-07-16T05:43:18
18;warped ouch;../fake-data/blob/hipster.txt;boo unfortunately;2026-07-16T16:44:28;2026-07-16T16:57:21
19;old pfft willfully;../fake-data/blob/hipster.txt;scar fireplace;2026-07-16T11:13:12;2026-07-16T16:21:24
20;that;../fake-data/blob/hipster.txt;yet;2026-07-16T13:47:27;2026-07-16T12:15:44
21;by;../fake-data/blob/hipster.txt;advocate wherever;2026-07-16T17:15:17;2026-07-15T19:35:22
22;fly;../fake-data/blob/hipster.txt;phew pivot;2026-07-16T11:57:21;2026-07-15T22:54:58
23;for off;../fake-data/blob/hipster.txt;reassuringly;2026-07-16T02:24:36;2026-07-16T03:05:14
24;crossly defiantly that;../fake-data/blob/hipster.txt;notwithstanding oh amongst;2026-07-15T17:39:16;2026-07-16T17:10:34
25;supposing;../fake-data/blob/hipster.txt;pessimistic gracefully;2026-07-16T07:21:08;2026-07-16T04:39:20
26;brr overtrain;../fake-data/blob/hipster.txt;meanwhile soggy nor;2026-07-16T14:51:14;2026-07-16T00:44:50
27;brr vivaciously;../fake-data/blob/hipster.txt;powerless;2026-07-16T15:42:00;2026-07-16T10:44:06
28;platypus;../fake-data/blob/hipster.txt;softly;2026-07-15T21:04:22;2026-07-15T19:30:18
29;translation pomelo pleasing;../fake-data/blob/hipster.txt;steel;2026-07-16T03:36:02;2026-07-16T15:05:29
30;inside going;../fake-data/blob/hipster.txt;onset;2026-07-16T07:14:01;2026-07-15T22:41:33
